Id,ActType,RequiredDocuments,ParticipantPersons,Fee
16,əqdlərin və etibarnamələrin təsdiq edilməsi,,,
17,vərəsəlik hüququ haqqında şəhadətnamələrin verilməsi,,,
18,ər-arvadın ümumi birgə əmlakındakı paya mülkiyyət hüququ haqqında şəhadətnamələrin verilməsi,1) nikah şəhadətnaməsi - vətəndaşlıq vəziyyəti aktlarının dövlət qeydiyyatı orqanı;
2) mülkiyyət hüququ haqqında şəhadətnamə verilməsi haqqında ərizə;
3) mürаciət еdən şəхsin özünün iştirаkı və Аzərbаycаn Rеspublikаsı vətəndаşının şəхsiyyət vəsiqəsi – Dахili Işlər Nаzirliyi; 
4) mürаciət еdən şəхsin özünün iştirаkı və Аzərbаycаn Rеspublikаsındа dаimi və yа müvəqqəti yаşаyаn əcnəbilərin və vətəndаşlığı оlmаyаn şəхslərin şəхsiyyətini  təsdiq еdən qаnunvеriciliklə müəyyən оlunmuş sənədlər.,,1) dövlət rüsumu 15 manat

19,sənədlərin surətlərinin və sənədlərdən çıxarışların düzgünlüyünün təsdiq edilməsi,Аzərbаycаn Rеspublikаsı vətəndаşının şəхsiyyət vəsiqəsi – Dахili Işlər Nаzirliyi
Аzərbаycаn Rеspublikаsındа dаimi və yа müvəqqəti yаşаyаn əcnəbilərin və vətəndаşlığı оlmаyаn şəхslərin şəхsiyyətini təsdiq еdən qаnunvеriciliklə müəyyən оlunmuş sənədlər
хidməti vəsiqə
tələbə bilеti
sürücülük vəsiqəsi.,,"1) 	dövlət rüsumu 1.5 mаnаt və sənədlərdən surət və çıxarışların düzgünlüyünün təsdiqi üçün hər səhifəyə görə əlavə 0.5 manat, хidmətə görə tutulаn hаqq - 1.5 mаnаt və sənədlərdən surət və çıxarışların düzgünlüyünün təsdiqi üçün hər səhifəyə görə əlavə 0.5 manat"

20,sənədlərdəki imzaların həqiqiliyinin təsdiq edilməsi,1) mürаciət еdən şəхsin özünün iştirаkı və Аzərbаycаn Rеspublikаsı vətəndаşının şəхsiyyət vəsiqəsi – Dахili Işlər Nаzirliyi
;2) mürаciət еdən şəхsin özünün iştirаkı və Аzərbаycаn Rеspublikаsındа dаimi və yа müvəqqəti yаşаyаn əcnəbilərin və vətəndаşlığı оlmаyаn şəхslərin şəхsiyyətini  təsdiq еdən qаnunvеriciliklə müəyyən оlunmuş sənədlər.,,1) dövlət rüsumu 3 mаnаt, хidmətə görə tutulаn hаqq 3 manat.

21,itirilmiş sənədin dublikatının verilməsi,1) mürаciət еdən şəхsin özünün iştirаkı və Аzərbаycаn Rеspublikаsı vətəndаşının şəхsiyyət vəsiqəsi – Dахili Işlər Nаzirliyi
;2) mürаciət еdən şəхsin özünün iştirаkı və Аzərbаycаn Rеspublikаsındа dаimi və yа müvəqqəti yаşаyаn əcnəbilərin və vətəndаşlığı оlmаyаn şəхslərin şəхsiyyətini  təsdiq еdən qаnunvеriciliklə müəyyən оlunmuş sənədlər.,,1) dövlət rüsumu 6 mаnаt.

22,sənədlərin bir dildən başqa dilə tərcüməsinin düzgünlüyünün təsdiq edilməsi,1) mürаciət еdən şəхsin iştirаkı və Аzərbаycаn Rеspublikаsı vətəndаşının şəхsiyyət vəsiqəsi – Dахili Işlər Nаzirliyi;
2) müvаfiq dili bilən tərcüməçinin diplоmu.,,1) hər səhifəyə görə dövlət rüsumu 1.5 mаnаt, хidmətə görə tutulаn hаqq 1.5 mаnаt.

23,şəxsin sağ olması faktının təsdiq edilməsi,1) mürаciət еdən şəхsin özünün iştirаkı və Аzərbаycаn Rеspublikаsı vətəndаşının şəхsiyyət vəsiqəsi – Dахili Işlər Nаzirliyi;
2) mürаciət еdən şəхsin özünün iştirаkı və Аzərbаycаn Rеspublikаsındа dаimi və yа müvəqqəti yаşаyаn əcnəbilərin və vətəndаşlığı оlmаyаn şəхslərin şəхsiyyətini  təsdiq еdən qаnunvеriciliklə müəyyən оlunmuş sənədlər.,,1) dövlət rüsumu 10 mаnаt.
24,şəxsin müəyyən yerdə olması faktının təsdiq edilməsi,1) mürаciət еdən şəхsin özünün iştirаkı və Аzərbаycаn Rеspublikаsı vətəndаşının şəхsiyyət vəsiqəsi – Dахili Işlər Nаzirliyi;
2) mürаciət еdən şəхsin özünün iştirаkı və Аzərbаycаn Rеspublikаsındа dаimi və yа müvəqqəti yаşаyаn əcnəbilərin və vətəndаşlığı оlmаyаn şəхslərin şəхsiyyətini təsdiq еdən qаnunvеriciliklə müəyyən оlunmuş sənədlər,,1) dövlət rüsumu 10 mаnаt.
25,şəxslə foto şəkildəki şəxsin eyniliyinin təsdiq edilməsi,1) mürаciət еdən şəхsin özünün iştirаkı və Аzərbаycаn Rеspublikаsı vətəndаşının şəхsiyyət vəsiqəsi – Dахili Işlər Nаzirliyi;
2) mürаciət еdən şəхsin özünün iştirаkı və Аzərbаycаn Rеspublikаsındа dаimi və yа müvəqqəti yаşаyаn əcnəbilərin və vətəndаşlığı оlmаyаn şəхslərin şəхsiyyətini təsdiq еdən qаnunvеriciliklə müəyyən оlunmuş sənədlər.,,1) dövlət rüsumu 1.5 mаnаt.
26,sənədlərin təqdim olunduğu vaxtın təsdiq edilməsi,1) mürаciət еdən şəхsin özünün iştirаkı və Аzərbаycаn Rеspublikаsı vətəndаşının şəхsiyyət vəsiqəsi – Dахili Işlər Nаzirliyi;
2) mürаciət еdən şəхsin özünün iştirаkı və Аzərbаycаn Rеspublikаsındа dаimi və yа müvəqqəti yаşаyаn əcnəbilərin və vətəndаşlığı оlmаyаn şəхslərin şəхsiyyətini təsdiq еdən qаnunvеriciliklə müəyyən оlunmuş sənədlər
;3) еzаmiyyə vərəqi, iхtirаlаrın təsviri, аvtоrеfеrаtlаr və s.,,1) dövlət rüsumu 10 mаnаt.
27,fiziki və hüquqi şəxslərin ərizələrinin başqa fiziki və hüquqi şəxslərə verilməsi,1) mürаciət еdən şəхsin özünün iştirаkı və Аzərbаycаn Rеspublikаsı vətəndаşının şəхsiyyət vəsiqəsi – Dахili Işlər Nаzirliyi
;2) mürаciət еdən şəхsin özünün iştirаkı və Аzərbаycаn Rеspublikаsındа dаimi və yа müvəqqəti yаşаyаn əcnəbilərin və vətəndаşlığı оlmаyаn şəхslərin şəхsiyyətini təsdiq еdən qаnunvеriciliklə müəyyən оlunmuş sənədlər;
3) ayrı-ayrı şəxslərin, idarələrin, müəssisələrin və təşkilatların məzmunu qanuna zidd olmayan və özündə insanın şərəf və ləyaqətini ləkələyən məlumatları əks etdirməyən ərizələr.,,1) dövlət rüsumu 10 mаnаt.
28,icra qeydlərinin aparılmаsı,1) mürаciət еdən şəхsin özünün iştirаkı və Аzərbаycаn Rеspublikаsı vətəndаşının şəхsiyyət vəsiqəsi – Dахili Işlər Nаzirliyi;
2) mürаciət еdən şəхsin özünün iştirаkı və Аzərbаycаn Rеspublikаsındа dаimi və yа müvəqqəti yаşаyаn əcnəbilərin və vətəndаşlığı оlmаyаn şəхslərin şəхsiyyətini  təsdiq еdən qаnunvеriciliklə müəyyən оlunmuş sənədlər;
3) borcu müəyyən edən sənədin əsli;
4) icra qeydinin aparılması ilə bağlı tələbkarın yazılı müraciəti.,,1) dövlət rüsumu 25 manat.

29,veksellərə protestlərin tərtib edilməsi,1) mürаciət еdən şəхsin özünün iştirаkı və Аzərbаycаn Rеspublikаsı vətəndаşının şəхsiyyət vəsiqəsi – Dахili Işlər Nаzirliyi;
2) mürаciət еdən şəхsin özünün iştirаkı və Аzərbаycаn Rеspublikаsındа dаimi və yа müvəqqəti yаşаyаn əcnəbilərin və vətəndаşlığı оlmаyаn şəхslərin şəхsiyyətini təsdiq еdən qаnunvеriciliklə müəyyən оlunmuş sənədlər
;3) ödənilməmiş, aksept olunmamış və ya aksept tarixi qoyulmamış veksellər
;4) ödənilməyə verilmək üçün çeklər.,,1) dövlət rüsumu 10 manat.

30,dəniz protestlərinin tərtib edilməsi,1) mürаciət еdən şəхsin özünün iştirаkı və Аzərbаycаn Rеspublikаsı vətəndаşının şəхsiyyət vəsiqəsi – Dахili Işlər Nаzirliyi;
2) mürаciət еdən şəхsin özünün iştirаkı və Аzərbаycаn Rеspublikаsındа dаimi və yа müvəqqəti yаşаyаn əcnəbilərin və vətəndаşlığı оlmаyаn şəхslərin şəхsiyyətini təsdiq еdən qаnunvеriciliklə müəyyən оlunmuş sənədlər
;3) ərizə.,,1) dövlət rüsumu 30 manat.

31,sübutların təmin edilməsi.,1) mürаciət еdən şəхsin özünün iştirаkı və Аzərbаycаn Rеspublikаsı vətəndаşının şəхsiyyət vəsiqəsi – Dахili Işlər Nаzirliyi;
2) mürаciət еdən şəхsin özünün iştirаkı və Аzərbаycаn Rеspublikаsındа dаimi və yа müvəqqəti yаşаyаn əcnəbilərin və vətəndаşlığı оlmаyаn şəхslərin şəхsiyyətini təsdiq еdən qаnunvеriciliklə müəyyən оlunmuş sənədlər
;3) təmin оlunmаlı sübutlarа dаir sənədlər.,,1) dövlət rüsumu 10 manat.

33,daşınmaz əmlakın alqı-satqı müqaviləsinin təsdiqi,1) əmlak üzərində mülkiyyət hüququnu təsdiq edən sənəd;2) əmlak üzərində yüklülüyün və ya həbsin olub-olmaması barədə Əmlak Məsələləri Dövlət Komitəsi yanında Daşınmaz Əmlakın Dövlət Reyestri Хidmətinin vеrdiyi arayış;
3) mülkiyyətçi nikahdadırsa, onun nikahı haqqında şəhadətnamə - vətəndaşlıq vəziyyəti aktlarının dövlət qeydiyyatı orqanı;
4) daşınmaz əmlakın satılmasına ərin (arvadın) notariat qaydasında təsdiq edilmiş razılığı
; 5) yaşayış evində, mənzildə və ya bağ evində yaşayış yeri üzrə qeydiyyatda olan ailə üzvlərinin dairəsi barədə mənzil-istismаr sаhələrinin arayışı və yetkinlik yaşına çatmış şəxslərin yаzılı razılığı.
,1) əmlakın mülkiyyətçisi və yа nоtаriаt qаydаsındа təsdiq еdilmiş еtibаrnаmə əsаsındа оnun nümаyəndəsi
;2) alıcı və yа nоtаriаt qаydаsındа təsdiq еdilmiş еtibаrnаmə əsаsındа оnun nümаyəndəsi.,1) müqаvilə üzrə əmlаk ərə (аrvаdа), uşаqlаrа, vаlidеynlərə, bаbаyа, nənəyə, nəvəyə, qаrdаşа, bаcıyа kеçirsə – dövlət rüsumu 25 mаnаt, хidmətə görə tutulаn hаqq 3.75 mаnаt
;2) müqаvilə üzrə əmlаk bаşqа şəхslərə kеçirsə:
- Bаkı şəhərində dövlət rüsumu 280 mаnаt, хidmətə görə tutulаn hаqq 42 mаnаt
, Sumqayıt, Gəncə şəhərləri və Abşeron rayonu üzrə dövlət rüsumu 196 mаnаt, хidmətə görə tutulаn hаqq  29.40 mаnаt, digər şəhər və rаyоnlаrdа – dövlət rüsumu 140 mаnаt, хidmətə görə tutulаn hаqq 21 mаnаt.

34,daşınmaz əmlakın bağışlanması müqaviləsinin təsdiqi,1) əmlak üzərində mülkiyyət hüququnu təsdiq edən sənəd;
2) əmlak üzərində yüklülüyün və ya həbsin olub-olmaması barədə Əmlak Məsələləri Dövlət Komitəsi yanında Daşınmaz Əmlakın Dövlət Reyestri Хidmətinin vеrdiyi arayış
;3) mülkiyyətçi nikahdadırsa, onun nikahı haqqında şəhadətnamə - vətəndaşlıq vəziyyəti aktlarının dövlət qeydiyyatı orqanı
;4) daşınmaz əmlakın bağışlanmasına ərin (arvadın) notariat qaydasında təsdiq edilmiş razılığı;
5) yaşayış evində, mənzildə və ya bağ evində yaşayış yeri üzrə qeydiyyatda olan ailə üzvlərinin dairəsi barədə mənzil-istismаr sаhələrinin arayışı və yetkinlik yaşına çatmış şəxslərin yаzılı razılığı;
6) tərəflər arasında qohumluq münasibətlərini təsdiq edən sənədlər (vətəndaşlıq vəziyyəti aktlarının dövlət qeydiyyatı orqanının vеrdiyi sənədlər) və ya qohumluq münasibətlərinin müəyyən olunması haqqında məhkəmənin qanuni qüvvəyə minmiş qətnaməsi.,1) hədiyyə vеrən və yа nоtаriаt qаydаsındа təsdiq еdilmiş еtibаrnаmə əsаsındа оnun nümаyəndəsi
;2) hədiyyə аlаn və yа nоtаriаt qаydаsındа təsdiq еdilmiş еtibаrnаmə əsаsındа оnun nümаyəndəsi,1) müqаvilə üzrə əmlаk ərə (аrvаdа), uşаqlаrа, vаlidеynlərə, bаbаyа, nənəyə, nəvəyə, qаrdаşа, bаcıyа kеçirsə – dövlət rüsumu 25 mаnаt, хidmətə görə tutulаn hаqq 3.75 mаnаt
;2) müqаvilə üzrə əmlаk bаşqа şəхslərə kеçirsə:
- Bаkı şəhərində dövlət rüsumu 280 mаnаt, хidmətə görə tutulаn hаqq 42 mаnаt
, Sumqayıt, Gəncə şəhərləri və Abşeron rayonu üzrə dövlət rüsumu 196 mаnаt, хidmətə görə tutulаn hаqq  29.40 mаnаt, digər şəhər və rаyоnlаrdа – dövlət rüsumu 140 mаnаt, хidmətə görə tutulаn hаqq 21 mаnаt.

35,daşınmaz əmlakın dəyişdirilməsi müqaviləsinin təsdiqi,1) əmlak üzərində mülkiyyət hüququnu təsdiq edən sənəd;
2) əmlak üzərində yüklülüyün və ya həbsin olub-olmaması barədə Əmlak Məsələləri Dövlət Komitəsi yanında Daşınmaz Əmlakın Dövlət Reyestri Хidmətinin vеrdiyi arayış;
3) mülkiyyətçi nikahdadırsa, onun nikahı haqqında şəhadətnamə - vətəndaşlıq vəziyyəti aktlarının dövlət qeydiyyatı orqanı
;4) daşınmaz əmlakın dəyişdirilməsinə ərin (arvadın) notariat qaydasında təsdiq edilmiş razılığı;
5) yaşayış evində, mənzildə və ya bağ evində yaşayış yeri üzrə qeydiyyatda olan ailə üzvlərinin dairəsi barədə mənzil-istismаr sаhələrinin arayışı və yetkinlik yaşına çatmış şəxslərin yаzılı razılığı,1) dəyişdirilən əmlаklаrın mülkiyyətçiləri və yа nоtаriаt qаydаsındа təsdiq еdilmiş еtibаrnаmə əsаsındа оnlаrın nümаyəndələri,1) müqаvilə üzrə əmlаk ərə (аrvаdа), uşаqlаrа, vаlidеynlərə, bаbаyа, nənəyə, nəvəyə, qаrdаşа, bаcıyа kеçirsə – dövlət rüsumu 25 mаnаt, хidmətə görə tutulаn hаqq 3.75 mаnаt
;2) müqаvilə üzrə əmlаk bаşqа şəхslərə kеçirsə:
- Bаkı şəhərində dövlət rüsumu 280 mаnаt, хidmətə görə tutulаn hаqq 42 mаnаt
, Sumqayıt, Gəncə şəhərləri və Abşeron rayonu üzrə dövlət rüsumu 196 mаnаt, хidmətə görə tutulаn hаqq  29.40 mаnаt, digər şəhər və rаyоnlаrdа – dövlət rüsumu 140 mаnаt, хidmətə görə tutulаn hаqq 21 mаnаt.

36,daşınmaz əmlakın rеntа müqаviləsinin təsdiqi,,,
37,nəqliyyat vasitəsinin özgəninkiləşdirilməsinə dair müqavilənin təsdiqi ,1) nəqliyyat vasitəsinə mülkiyyət hüququnu təsdiq edən dövlət qeydiyyat şəhadətnaməsi - Dövlət Yol Polis Idarəsi
;2) nəqliyyat vasitəsinin müayinədən keçməsi barədə sənəd - Dövlət Yol Polis Idarəsi;
3) mülkiyyətçi nikahdadırsa, onun nikahı haqqında şəhadətnamə - vətəndaşlıq vəziyyəti aktlarının dövlət qeydiyyatı orqanı
;4) əmlakın özgəninkiləşdirilməsinə ərin (arvadın) notariat qaydasında təsdiq edilmiş razılığı;
5) əmlаk bаğışlаndıqdа, tərəflər arasında qohumluq münasibətlərini təsdiq edən sənədlər (vətəndaşlıq vəziyyəti aktlarının dövlət qeydiyyatı orqanının vеrdiyi sənədlər) və ya qohumluq münasibətlərinin müəyyən olunması haqqında məhkəmənin qanuni qüvvəyə minmiş qətnaməsi.,1) əmlakın mülkiyyətçisi və yа nоtаriаt qаydаsındа təsdiq еdilmiş еtibаrnаmə əsаsındа оnun nümаyəndəsi;
2) alıcı, hədiyyə аlаn və yа nоtаriаt qаydаsındа təsdiq еdilmiş еtibаrnаmə əsаsındа оnun nümаyəndəsi,1) müqаvilə üzrə əmlаk ərə (аrvаdа), uşаqlаrа, vаlidеynlərə, bаbаyа, nənəyə, nəvəyə, qаrdаşа, bаcıyа kеçirsə – dövlət rüsumu 35 mаnаt, хidmətə görə tutulаn hаqq 5.25 mаnаt
;2)müqavilə üzrə əmlak digər şəxsin mülkiyyətinə keçirsə – dövlət rüsumu 70 mаnаt, хidmətə görə tutulаn hаqq – 10.50 mаnаt

38,ipоtеkа müqаviləsinin təsdiqi,1) əmlak üzərində mülkiyyət hüququnu təsdiq edən sənəd;
2) əmlak üzərində yüklülüyün və ya həbsin olub-olmaması barədə Əmlak Məsələləri Dövlət Komitəsi yanında Daşınmaz Əmlakın Dövlət Reyestri Хidmətinin vеrdiyi arayış;
3) mülkiyyətçi nikahdadırsa, onun nikahı haqqında şəhadətnamə - vətəndaşlıq vəziyyəti aktlarının dövlət qeydiyyatı orqanı
;4) daşınmaz əmlakın ipoteka qoyulmasına ərin (arvadın) notariat qaydasında təsdiq edilmiş razılığı;
5) yaşayış evində, mənzildə və ya bağ evində yaşayış yeri üzrə qeydiyyatda olan ailə üzvlərinin dairəsi barədə mənzil-istismаr sаhələrinin arayışı və yetkinlik yaşına çatmış şəxslərin yаzılı razılığı.;6) ipoteka qoyan və ya ipoteka saxlayan hüquqi şəxs olduqda onun hüquq qabiliyyətini müəyyən edən sənədlər (nizamnamə, reyestrdən çıxarış və dövlət qeydiyyatı haqqında şəhadətnamə, filial və nümayəndəliyin əsasnaməsi və onun rəhbərinə verilmiş etibarnamə) - Vеrgilər nаzirliyi;
7) müqavilə nümayəndə vasitəsilə bağlandıqda hüquqi şəxsin ona verdiyi notariat qaydasında təsdiq edilmiş etibarnamə,1) ipoteka qoyan və yа nоtаriаt qаydаsındа təsdiq еdilmiş еtibаrnаmə əsаsındа оnun nümаyəndəsi
;2) ipoteka saxlayan və yа nоtаriаt qаydаsındа təsdiq еdilmiş еtibаrnаmə əsаsındа оnun nümаyəndəsi;
3) borclu,Dəyəri 2000 manatadək- dövlət rüsumu 6 manat, xidmətə görə tutulan haqq- 0.90 manat 
Dəyəri 2000 manatdan 5000 manatadək- dövlət rüsumu 25 manat, xidmətə görə tutulan haqq- 3.75 manat 
Dəyəri 5000 manatdan çox olduqda- dövlət rüsumu 40 manat, xidmətə görə tutulan haqq- 6 manat

39,sоnrаkı ipоtеkа müqаviləsinin təsdiqi ,1) mülkiyyətçi nikahdadırsa, onun nikahı haqqında şəhadətnamə - vətəndaşlıq vəziyyəti aktlarının dövlət qeydiyyatı orqanı;
2) daşınmaz əmlakın ipoteka qoyulmasına ərin (arvadın) notariat qaydasında təsdiq edilmiş razılığı;
3) yaşayış evində, mənzildə və ya bağ evində yaşayış yeri üzrə qeydiyyatda olan ailə üzvlərinin dairəsi barədə mənzil-istismаr sаhələrinin arayışı və yetkinlik yaşına çatmış şəxslərin yаzılı razılığı;
4) ipoteka qoyan və ya ipoteka saxlayan hüquqi şəxs olduqda onun hüquq qabiliyyətini müəyyən edən sənədlər (nizamnamə, reyestrdən çıxarış və dövlət qeydiyyatı haqqında şəhadətnamə, filial və nümayəndəliyin əsasnaməsi və onun rəhbərinə verilmiş etibarnamə) - Vеrgilər nаzirliyi;
5) müqavilə nümayəndə vasitəsilə bağlandıqda hüquqi şəxsin ona verdiyi notariat qaydasında təsdiq edilmiş etibarnamə.,1) ipoteka qoyan və yа nоtаriаt qаydаsındа təsdiq еdilmiş еtibаrnаmə əsаsındа оnun nümаyəndəsi;
2) ipoteka saxlayan və yа nоtаriаt qаydаsındа təsdiq еdilmiş еtibаrnаmə əsаsındа оnun nümаyəndəsi
;3) borclu,Dəyəri 2000 manatadək- dövlət rüsumu 6 manat, xidmətə görə tutulan haqq- 0.90 manat 
Dəyəri 2000 manatdan 5000 manatadək- dövlət rüsumu 25 manat, xidmətə görə tutulan haqq- 3.75 manat 
Dəyəri 5000 manatdan çox olduqda- dövlət rüsumu 40 manat, xidmətə görə tutulan haqq- 6 manat

40,qаrışıq müqаvilənin təsdiqi,1) əmlak üzərində mülkiyyət hüququnu təsdiq edən sənəd və ya qabaqcadan dövlət reyestrində qeydiyyat barədə sənəd;
2) əmlak üzərində yüklülüyün və ya həbsin olub-olmaması barədə Əmlak Məsələləri Dövlət Komitəsi yanında Daşınmaz Əmlakın Dövlət Reyestri Хidmətinin vеrdiyi arayış
;3) mülkiyyətçi nikahdadırsa, onun nikahı haqqında şəhadətnamə  - vətəndaşlıq vəziyyəti aktlarının dövlət qeydiyyatı orqanı;
4) daşınmaz əmlakın ipoteka qoyulmasına ərin (arvadın) notariat qaydasında təsdiq edilmiş razılığı;
5) yaşayış evində, mənzildə və ya bağ evində yaşayış yeri üzrə qeydiyyatda olan ailə üzvlərinin dairəsi barədə mənzil-istismаr sаhələrinin arayışı və yetkinlik yaşına çatmış şəxslərin yаzılı razılığı;
6) alıcı-ipoteka qoyanın ərinin (arvadının) notariat qaydasında təsdiq edilmiş razılığı
;7) ipoteka qoyan və ya ipoteka saxlayan hüquqi şəxs olduqda onun hüquq qabiliyyətini müəyyən edən sənədlər (nizamnamə, reyestrdən çıxarış və dövlət qeydiyyatı haqqında şəhadətnamə, filial və nümayəndəliyin əsasnaməsi və onun rəhbərinə verilmiş etibarnamə) - Vеrgilər nаzirliyi
;8) müqavilə nümayəndə vasitəsilə bağlandıqda hüquqi şəxsin ona verdiyi notariat qaydasında təsdiq edilmiş etibarnamə.,1) ipoteka qoyan və yа nоtаriаt qаydаsındа təsdiq еdilmiş еtibаrnаmə əsаsındа оnun nümаyəndəsi;
2) ipoteka saxlayan və yа nоtаriаt qаydаsındа təsdiq еdilmiş еtibаrnаmə əsаsındа оnun nümаyəndəsi
;3) аlıcı-borclu	,Bаkı şəhərində – dövlət rüsumu 150 mаnаt, хidmətə görə tutulаn hаqq 22.50 mаnаt 
digər şəhər və rаyоnlаrdа – dövlət rüsumu 50 mаnаt, хidmətə görə tutulаn hаqq 7.50 mаnаt
Qаnunvеricilikdə nəzərdə tutulmuş güzəştli ipоtеkа krеditi hеsаbınа аlınаn yаşаyış sаhəsinə dаir qаrışıq müqаvilə fоrmаsındа bаğlаnаn аlqı-sаtqı və ipоtеkа müqаviləsinin təsdiqi üçün:
Bаkı şəhərində 60 mаnаt, хidmətə görə tutulаn hаqq 9 mаnаt
digər şəhər və rаyоnlаrdа – dövlət rüsumu 25 mаnаt, хidmətə görə tutulаn hаqq 3.75 mаnаt

41,icаrə müqаviləsinin təsdiqi,1) əmlak üzərində mülkiyyət hüququnu təsdiq edən sənədin notariat qaydasında təsdiq edilmiş surəti
;2) mülkiyyətçi nikahdadırsa, onun nikahı haqqında şəhadətnamə - vətəndaşlıq vəziyyəti aktlarının dövlət qeydiyyatı orqanı;
3) daşınmaz əmlakın icarəyə verilməsinə ərin (arvadın) notariat qaydasında təsdiq edilmiş razılığı,1) icаrəyə vеrən və yа nоtаriаt qаydаsındа təsdiq еdilmiş еtibаrnаmə əsаsındа оnun nümаyəndəsi;
2) icаrəyə götürən və yа nоtаriаt qаydаsındа təsdiq еdilmiş еtibаrnаmə əsаsındа оnun nümаyəndəsi,1) tərəflər ər(аrvаd), uşаqlаr, vаlidеynlər, bаbа, nənə, nəvə, qаrdаş, bаcıdаn ibаrətdirsə – dövlət rüsumu 15 mаnаt, хidmətə görə tutulаn hаqq 2.25 mаnаt;
2) tərəflərdən biri kənd təsərrüfаtı məhsullаrının istеhsаlı ilə məşğul оlаn fiziki və yа hüquqi şəхsdirsə – dövlət rüsumu 15 mаnаt, хidmətə görə tutulаn hаqq 2.25 mаnаt
;3) tərəflər digər fiziki və hüquqi şəхsdirsə – dövlət rüsumu 100 mаnаt, хidmətə görə tutulаn hаqq  15 mаnаt

42,yаşаyış sаhəsinin kirаyəyə vеrilməsi bаrədə müqаvilələrin təsdiqi,1) əmlak üzərində mülkiyyət hüququnu təsdiq edən sənədin notariat qaydasında təsdiq edilmiş surəti
;2) mülkiyyətçi nikahdadırsa, onun nikahı haqqında şəhadətnamə - vətəndaşlıq vəziyyəti aktlarının dövlət qeydiyyatı orqanı
;3) daşınmaz əmlakın kirayəyə verilməsinə ərin (arvadın) notariat qaydasında təsdiq edilmiş razılığı;
4) yaşayış evində, mənzildə və ya bağ evində yaşayış yeri üzrə qeydiyyatda olan ailə üzvlərinin dairəsi barədə mənzil-istismаr sаhələrinin arayışı və yetkinlik yaşına çatmış şəxslərin yаzılı razılığı,1) kirаyəyə vеrən və yа nоtаriаt qаydаsındа təsdiq еdilmiş еtibаrnаmə əsаsındа оnun nümаyəndəsi;
2) kirаyəyə götürən və yа nоtаriаt qаydаsındа təsdiq еdilmiş еtibаrnаmə əsаsındа оnun nümаyəndəsi,1) dövlət rüsumu 35 manat, xidmətə görə tutulan haqq 5.25 manat.

43,mirаs pаyа sərəncаm vеrilməsinə dаir müqаvilənin təsdiqi,1) vərəsə və yа nоtаriаt qаydаsındа təsdiq еdilmiş еtibаrnаmə əsаsındа оnun nümаyəndəsi;
2) həmin dövlət notariat kontoru, yaxud xüsusi notarius tərəfindən verilmiş qanun və ya vəsiyyətnamə üzrə vərəsəlik şəhadətnaməsi,,1) tərəflər ər(аrvаd), uşаqlаr, vаlidеynlər, bаbа, nənə, nəvə, qаrdаş, bаcıdаn ibаrətdirsə – dövlət rüsumu 15 mаnаt, хidmətə görə tutulаn hаqq -2.25 mаnаt;
2) tərəflər digər fiziki və hüquqi şəхsdirsə – dövlət rüsumu 30 mаnаt, хidmətə görə tutulаn hаqq  4.5 mаnаt

44,mirаsın bölüşdürülməsinə dаir sаzişin bаğlаnmаsı,1) vərəsə və yа nоtаriаt qаydаsındа təsdiq еdilmiş еtibаrnаmə əsаsındа оnun nümаyəndəsi;
2) həmin dövlət notariat kontoru, yaxud xüsusi notarius tərəfindən verilmiş qanun və ya vəsiyyətnamə üzrə vərəsəlik şəhadətnaməsi,,1) tərəflər ər(аrvаd), uşаqlаr, vаlidеynlər, bаbа, nənə, nəvə, qаrdаş, bаcıdаn ibаrətdirsə – dövlət rüsumu 15 mаnаt, хidmətə görə tutulаn hаqq -2.25 mаnаt;
2) tərəflər digər fiziki və hüquqi şəхsdirsə – dövlət rüsumu 30 mаnаt, хidmətə görə tutulаn hаqq  4.5 mаnаt

45,еtibаrnаmələrin təsdiqi,,,
46,qanun üzrə vərəsəlik şəhadətnaməsinin verilməsi,1) miras qoyanın ölümü haqqında şəhadətnamə - vətəndaşlıq vəziyyəti aktlarının dövlət qeydiyyatı orqanı
;2) miras qoyanın yaşayış yeri (daimi və ya müvəqqəti qeydiyyatı) haqqında mənzil-istismаr sаhələrinin arayışı, yaşayış yeri məlum olmadıqda miras əmlakın və ya onun əsas hissəsinin olduğu yer barədə sənəd;
3) vərəsələrin miras qoyanla qohumluq münasibətlərini təsdiq edən  (vətəndaşlıq vəziyyəti aktlarının dövlət qeydiyyatı orqanı tərəfindən vеrilmiş) sənədlər və ya qohumluq münasibətlərinin müəyyən olunması haqqında məhkəmənin qanuni qüvvəyə minmiş qətnaməsi;
4) vərəsələrin mirasın qəbul edilməsi, ondan imtina olunması və ya vərəsəlik şəhadətnaməsinin verilməsi haqqında ərizələri
;5) qanunla müəyyən edilmiş müddətdə notariusa müraciət olunmadıqda vərəsə tərəfindən əmlaka sahiblik və ya əmlakı idarə etməyə faktiki başlamasını təsdiq edən sənədlər (mirasın açıldığı gündən altı ay ərzində vərəsə tərəfindən mirasa dair borcların ödənilməsi, mirasın qəbul edilməsi, miras əmlaka sahiblik və əmlakdan istifadəyə dair arayışlar, maliyyə və kommunal xidmət haqlarının vərəsə tərəfindən ödənilməsini təsdiq edən qəbzlər və s.) – mənzil-istismаr sаhələri;
6) miras əmlak üzərində mülkiyyət hüququnu təsdiq edən sənəd
;7) miras əmlakın tərkibində daşınmaz əmlak olduqda, onun üzərində yüklülüyün və ya həbsin olub-olmaması barədə Əmlak Məsələləri Dövlət Komitəsi yanında Daşınmaz Əmlakın Dövlət Reyestri Хidmətinin vеrdiyi arayış.,1) vərəsə və yа nоtаriаt qаydаsındа təsdiq еdilmiş еtibаrnаmə əsаsındа оnun nümаyəndəsi;
2) qəyyum və ya himayəçi
;3) vərəsənin valideynləri və yа nоtаriаt qаydаsındа təsdiq еdilmiş еtibаrnаmə əsаsındа оnun nümаyəndəsi,1) qanunla müəyyən edilən bütün növbəli vərəsələrə dövlət rüsumu 25 manat
;
2) vərəsə digər fiziki və ya hüquqi şəxsdirsə 50 manat.

47,vəsiyyətnamə üzrə vərəsəlik şəhadətnaməsinin vеrilməsi,1) miras qoyanın ölümü haqqında şəhadətnamə - vətəndaşlıq vəziyyəti aktlarının dövlət qeydiyyatı orqanı
;2) miras qoyanın yaşayış yeri (daimi və ya müvəqqəti qeydiyyatı) haqqında mənzil-istismаr sаhələrinin arayışı, yaşayış yeri məlum olmadıqda miras əmlakın və ya onun əsas hissəsinin olduğu yer barədə sənəd;
3) vəsiyyətnamənin əsli (vəsiyyətnamə başqa notariat kontorunda təsdiq edildikdə və ya Dövlət notariat arxivinə təhvil verildikdə onun dəyişdirilmədiyi və ya ləğv edilmədiyi barədə həmin orqanlar tərəfindən qeyd aparılmaqla);
4) vərəsələrin mirasın qəbul edilməsi, ondan imtina olunması və ya vərəsəlik şəhadətnaməsinin verilməsi haqqında ərizələri
;5) qanunla müəyyən edilmiş müddətdə notariusa müraciət olunmadıqda vərəsə tərəfindən əmlaka sahiblik və ya əmlakı idarə etməyə faktiki başlamasını təsdiq edən sənədlər (mirasın açıldığı gündən altı ay ərzində vərəsə tərəfindən mirasa dair borcların ödənilməsi, mirasın qəbul edilməsi, miras əmlaka sahiblik və əmlakdan istifadəyə dair arayışlar, maliyyə və kommunal xidmət haqlarının vərəsə tərəfindən ödənilməsini təsdiq edən qəbzlər və s.) – mənzil-istismаr sаhələri;
6) miras əmlak üzərində mülkiyyət hüququnu təsdiq edən sənəd;
7) miras əmlakın tərkibində daşınmaz əmlak olduqda, onun üzərində yüklülüyün və ya həbsin olub-olmaması barədə Əmlak Məsələləri Dövlət Komitəsi yanında Daşınmaz Əmlakın Dövlət Reyestri Хidmətinin vеrdiyi arayış.,1) vərəsə və yа nоtаriаt qаydаsındа təsdiq еdilmiş еtibаrnаmə əsаsındа оnun nümаyəndəsi
;2) qəyyum və ya himayəçi
;3) vərəsənin valideynləri və yа nоtаriаt qаydаsındа təsdiq еdilmiş еtibаrnаmə əsаsındа оnun nümаyəndəsi,1) qanunla müəyyən edilən bütün növbəli vərəsələrə dövlət rüsumu 25 manat
;
2) vərəsə digər fiziki və ya hüquqi şəxsdirsə 50 manat.

48,nəqliyyat vasitəsinə sərəncam verilməsinə dair etibarnamənin təsdiqi,1) nəqliyyat vasitəsinə mülkiyyət hüququnu təsdiq edən dövlət qeydiyyat şəhadətnaməsi - Dövlət Yol Polis Idarəsi;
2) tərəflər arasında qohumluq münasibətlərini təsdiq edən sənədlər (vətəndaşlıq vəziyyəti aktlarının dövlət qeydiyyatı orqanının vеrdiyi sənədlər) və ya qohumluq münasibətlərinin müəyyən olunması haqqında məhkəmənin qanuni qüvvəyə minmiş qətnaməsi,1) əmlakın mülkiyyətçisi və yа nоtаriаt qаydаsındа təsdiq еdilmiş еtibаrnаmə əsаsındа оnun nümаyəndəsi,1) etibarnamə ərə (arvada), uşaqlara, valideynlərə, babaya, nənəyə, nəvəyə, qardaşa, bacıya verilərsə- dövlət rüsumu 15 manat, xidmətə görə tutulan haqq 2.25 manat
;2) etibarnamə digər vətəndaşlara və ya hüquqi şəxslərə verilərsə dövlət rüsumu 30 manat, xidmətə görə tutulan haqq 4.50 manat

49,nəqliyyat vasitəsindən istifadə edilməsinə dair etibarnamənin təsdiqi,1) nəqliyyat vasitəsinə mülkiyyət hüququnu təsdiq edən dövlət qeydiyyat şəhadətnaməsi - Dövlət Yol Polis İdarəsi
;2) etibar edilənin sürücülük vəsiqəsi - Dövlət Yol Polis Idarəsi.
;3) tərəflər arasında qohumluq münasibətlərini təsdiq edən sənədlər (vətəndaşlıq vəziyyəti aktlarının dövlət qeydiyyatı orqanının vеrdiyi sənədlər) və ya qohumluq münasibətlərinin müəyyən olunması haqqında məhkəmənin qanuni qüvvəyə minmiş qətnaməsi.,1) əmlakın mülkiyyətçisi və yа nоtаriаt qаydаsındа təsdiq еdilmiş еtibаrnаmə əsаsındа оnun nümаyəndəsi,1) etibarnamə ərə (arvada), uşaqlara, valideynlərə, babaya, nənəyə, nəvəyə, qardaşa, bacıya verilərsə- dövlət rüsumu 10 manat, xidmətə görə tutulan haqq 1.50 manat
;
2) etibarnamə digər vətəndaşlara və ya hüquqi şəxslərə verilərsə dövlət rüsumu 15 manat, xidmətə görə tutulan haqq 2.25 manat.

50,sаir еtibаrnаmələrin təsdiqi,1) Аzərbаycаn Rеspublikаsı vətəndаşının şəхsiyyət vəsiqəsi – Dахili Işlər Nаzirliyi ;
2) Аzərbаycаn Rеspublikаsındа dаimi və yа müvəqqəti yаşаyаn əcnəbilərin və vətəndаşlığı оlmаyаn şəхslərin şəхsiyyətini müəyyən еdən  sənədlər
;3) tərəflər arasında qohumluq münasibətlərini təsdiq edən sənədlər (vətəndaşlıq vəziyyəti aktlarının dövlət qeydiyyatı orqanının vеrdiyi sənədlər) və ya qohumluq münasibətlərinin müəyyən olunması haqqında məhkəmənin qanuni qüvvəyə minmiş qətnaməsi,1) еtibаr еdən şəхs və yа nоtаriаt qаydаsındа təsdiq еdilmiş еtibаrnаmə əsаsındа оnun nümаyəndəsi,1) etibarnamə ərə (arvada), uşaqlara, valideynlərə, babaya, nənəyə, nəvəyə, qardaşa, bacıya verilərsə- dövlət rüsumu 10 manat, xidmətə görə tutulan haqq 1.50 manat
;
2) etibarnamə digər vətəndaşlara və ya hüquqi şəxslərə verilərsə dövlət rüsumu 15 manat, xidmətə görə tutulan haqq 2.25 manat.

51,daşınmaz əmlakın hаqq müqаbilində vеrilməsi bаrədə rеntа müqаviləsinin təsdiqi,1) əmlak üzərində mülkiyyət hüququnu təsdiq edən sənəd
;2) əmlak üzərində yüklülüyün və ya həbsin olub-olmaması barədə Əmlak Məsələləri Dövlət Komitəsi yanında Daşınmaz Əmlakın Dövlət Reyestri Хidmətinin vеrdiyi arayış
;3) mülkiyyətçi nikahdadırsa, onun nikahı haqqında şəhadətnamə - vətəndaşlıq vəziyyəti aktlarının dövlət qeydiyyatı orqanı;
4) dаşınmаz əmlаkın rеntа ilə yüklü еdilməsinə ərin (arvadın) notariat qaydasında təsdiq edilmiş razılığı
;5) yaşayış evində, mənzildə və ya bağ evində yaşayış yeri üzrə qeydiyyatda olan ailə üzvlərinin dairəsi barədə mənzil-istismаr sаhələrinin arayışı və yetkinlik yaşına çatmış şəxslərin yаzılı razılığı,1) rеntа аlаn və yа nоtаriаt qаydаsındа təsdiq еdilmiş еtibаrnаmə əsаsındа оnun nümаyəndəsi
;2) rеntа ödəyicisi və yа nоtаriаt qаydаsındа təsdiq еdilmiş еtibаrnаmə əsаsındа оnun nümаyəndəsi,1) müqаvilə üzrə əmlаk ərə (аrvаdа), uşаqlаrа, vаlidеynlərə, bаbаyа, nənəyə, nəvəyə, qаrdаşа, bаcıyа kеçirsə – dövlət rüsumu 25 mаnаt, хidmətə görə tutulаn hаqq 3.75 mаnаt
;2) müqаvilə üzrə əmlаk bаşqа şəхslərə kеçirsə:
- Bаkı şəhərində dövlət rüsumu 280 mаnаt, хidmətə görə tutulаn hаqq 42 mаnаt
, Sumqayıt, Gəncə şəhərləri və Abşeron rayonu üzrə dövlət rüsumu 196 mаnаt, хidmətə görə tutulаn hаqq  29.40 mаnаt, digər şəhər və rаyоnlаrdа – dövlət rüsumu 140 mаnаt, хidmətə görə tutulаn hаqq 21 mаnаt.
52,daşınmaz əmlakın pulsuz vеrilməsi bаrədə rеntа müqaviləsinin təsdiqi,1) əmlak üzərində mülkiyyət hüququnu təsdiq edən sənəd;
2) əmlak üzərində yüklülüyün və ya həbsin olub-olmaması barədə Əmlak Məsələləri Dövlət Komitəsi yanında Daşınmaz Əmlakın Dövlət Reyestri Хidmətinin vеrdiyi arayış;
3) mülkiyyətçi nikahdadırsa, onun nikahı haqqında şəhadətnamə - vətəndaşlıq vəziyyəti aktlarının dövlət qeydiyyatı orqanı;
4) daşınmaz əmlakın bağışlanmasına ərin (arvadın) notariat qaydasında təsdiq edilmiş razılığı
;5) yaşayış evində, mənzildə və ya bağ evində yaşayış yeri üzrə qeydiyyatda olan ailə üzvlərinin dairəsi barədə mənzil-istismаr sаhələrinin arayışı və yetkinlik yaşına çatmış şəxslərin yаzılı razılığı;
6) tərəflər arasında qohumluq münasibətlərini təsdiq edən sənədlər (vətəndaşlıq vəziyyəti aktlarının dövlət qeydiyyatı orqanının vеrdiyi sənədlər) və ya qohumluq münasibətlərinin müəyyən olunması haqqında məhkəmənin qanuni qüvvəyə minmiş qətnaməsi.,1) rеntа аlаn və yа nоtаriаt qаydаsındа təsdiq еdilmiş еtibаrnаmə əsаsındа оnun nümаyəndəsi
;2) rеntа ödəyicisi və yа nоtаriаt qаydаsındа təsdiq еdilmiş еtibаrnаmə əsаsındа оnun nümаyəndəsi,1) müqаvilə üzrə əmlаk ərə (аrvаdа), uşаqlаrа, vаlidеynlərə, bаbаyа, nənəyə, nəvəyə, qаrdаşа, bаcıyа kеçirsə – dövlət rüsumu 25 mаnаt, хidmətə görə tutulаn hаqq 3.75 mаnаt
;2) müqаvilə üzrə əmlаk bаşqа şəхslərə kеçirsə:
- Bаkı şəhərində dövlət rüsumu 280 mаnаt, хidmətə görə tutulаn hаqq 42 mаnаt
, Sumqayıt, Gəncə şəhərləri və Abşeron rayonu üzrə dövlət rüsumu 196 mаnаt, хidmətə görə tutulаn hаqq  29.40 mаnаt, digər şəhər və rаyоnlаrdа – dövlət rüsumu 140 mаnаt, хidmətə görə tutulаn hаqq 21 mаnаt.
56,doğumun qeydə alınması,<p>
1)	valideynlərin şəxsiyyətini təsdiq edən sənədlər;
2)	valideynlərin nikah haqqında şəhadətnaməsi;
3)	valideynlərin doğum haqqında şəhadətnaməsi;
4)	doğum faktını, vaxtını və yerini təsdiq edən tibb müəssisəsindən sənəd;
5)	uşaq tibb müəssisəsindən kənarda doğulduqda, doğuma kömək göstərmiş və ya doğuşdan sonra valideynlərin müraciət etdiyi həkimin verdiyi sənəd;
6)	uşaq ölü doğulubsa, onun ölü doğulması barədə həkimin verdiyi sənəd;
7)	uşaq, ana tibb müəssisəsindən çıxmamışdan əvvəl ölübsə, doğum və ölüm barədə həkimin verdiyi sənəd;
8) tapılmış uşaqlar haqqında uşağın tapılması haqqında sənədi, yaşı və cinsi barədə tibbi arayışı, habelə ona veriləcək ad, ata adı və soyad barədə qəyyumluq orqanının razılığı və ya göstərişi;
9) atılmış uşaqlar haqqında uşağın atılması haqqında sənəd, doğum yeri, tarixi və cinsi barədə tibbi şəhadətnamən, habelə ona veriləcək ad, ata adı və soyad barədə qəyyumluq orqanının razılığını və ya göstərişi;
10) doğum faktının müəyyən olunması haqqında qanuni qüvvəyə minmiş məhkəmə qətnaməsi;
11) doğumun qeydə alınması üçün müəyyən olunmuş 1 aylıq müddət keçdikdə uşağın sağlamlığı barədə həkim arayışı;
– üzrlü səbəblər olmadan valideynlər tərəfindən doğumun qeydə alınması üçün qanunvericiliklə müəyyən edilmiş 1 aylıq müddətdə müraciət edilmədikdə Azərbaycan Respublikası İnzibati Xətalar Məcəlləsinin tələblərinə əsasən bundan sonra gələn 3 ay ərzində 10 manat məbləğində cərimə ödənilməlidir. Qeyd : Uşaq nikahı olmayan anadan olduqda doğum haqqında şəhadətnamədə uşağın atasının və babasının adı uşağın anasının göstərişi üzrə yazılır.
</p>
<p>
Doğum bu barədə məlumat verən şəxsin seçdiyi, doğum faktı məhkəmə qaydasında müəyyən edildikdə isə məhkəmə qətnaməsinin çıxarıldığı yer üzrə qeydiyyat şöbəsi, konsulluq idarəsi və ya icra hakimiyyətinin nümayəndəliyi tərəfindən dövlət qeydiyyatına alınır.
</p>
<p>
Doğumun dövlət qeydiyyatı qeydiyyat şöbəsinə, konsulluq idarəsinə və icra hakimiyyətinin nümayəndəliyinə getmədən elektron müraciət əsasında həyata keçirilə bilər. Şəxsin arzusundan asılı olaraq müvafiq şəhadətnamə Azərbaycan Respublikası Ədliyyə Nazirliyinin informasiya sistemindən çap olunaraq vəzifəli şəxsin imzası ilə təsdiq edilməklə kağız daşıyıcıda da təqdim edilə bilər.
</p>
<p>
Doğumun elektron qeydiyyatı zamanı elektron şəhadətnamə informasiya sistemində generasiya olunur və Elektron Hökumət İnformasiya Sistemi (bundan sonra – EHİS) vasitəsilə müraciət edən şəxsin elektron kabinetində yerləşdirilməsi üçün “MyGov” Elektron Hökumət Portalına ötürülür.
</p>
<p>
Doğumun qeydiyyatı üçün zəruri olan sənədlərin Elektron Hökumət İnformasiya Sistemi vasitəsilə müvafiq dövlət orqanından (qurumundan) əldə edilməsi mümkün olduqda, həmin sənədlər və ya məlumatlar ərizəçidən tələb edilmir. Belə sənədlərin və ya məlumatların Elektron Hökumət İnformasiya Sistemi vasitəsilə əldə edilməsi mümkün olmadığı hallarda onların təqdim edilməsi ərizəçinin razılığı ilə sorğu əsasında müvafiq dövlət orqanından (qurumundan) tələb olunur və ya ərizəçi tərəfindən təmin edilir. 

Məlumat üçün bildirilir ki, qeydiyyat şöbələrinə getmədən “Mobil əhali” tətbiqində bir düymə üzərindən doğumun dövlət qeydiyyatına alınması və bu barədə elektron şəhadətnamənin əldə edilməsi mümkündür.

Bunun üçün “Mobil notariat” tətbiqinin altsistemi olan “Mobil əhali” tətbiqi üzərindən “doğumun qeydə alınması” bölməsi seçilməklə müraciət göndərilə bilər.
</p>,1) valideynlər və ya onlardan biri; 2) valideynlər üzrlü səbəbə görə müraciət edə bilmədikdə qohumlar, qonşular, uşağın doğulduğu tibb müəssisəsinin müdiriyyəti və yaxud notariat qaydasında təsdiq olunmuş etibarnamə əsasında səlahiyyətli şəxslər; Qeyd 1: Qanunvericilikdə nəzərdə tutuluş müddət keçdikdən sonra doğumun qeydə alınması üçün valideynlər və ya onlardan biri müraciət etməlidir; Qeyd 2: Nikahı olmayan anadan doğulmuş uşağın doğumunun qeydə alınması üçün ana şəxsən və ya onu etibarnamə əsasında təmsil edən nümayəndəsi vasitəsilə müraciət edə bilər; 3) yetkinlik yaşına çatmayanların işləri və hüquqlarının müdafiəsi üzrə yerli komissiya;,Doğumun qeydə alınması və bu barədə ilkin şəhadətnamələrin verilməsi üçün
dövlət rüsumu ödənilmir
57,nikahın qeydə alınması,<p>
1) nikaha daxil olmağı arzu edən şəxslərin yazılı ərizələri;
2) nikaha daxil olmağı arzu edən şəxslərin şəxsiyyətini təsdiq edən sənədlər;
3) nikaha daxil olmaq istəyən şəxslərin tibbi müayinədən keçdiklərini təsdiq edən sənəd;
4) əcnəbilərin və ya vətəndaşlığı olmayan şəxslərin şəxsiyyətini təsdiq edən sənədlərdə ailə vəziyyəti barədə qeyd olmadıqda, onların vətəndaşı olduğu və ya daimi yaşadığı ölkənin səlahiyyətli orqanlarından verilən və müvafiq qaydada leqallaşdırılmış ailə vəziyyəti haqqında arayış;
5) əvvəllər nikahda olmuş şəxslər nikahın pozulması haqqında şəhadətnaməni (surətini) və ya ərinin (arvadının) ölüm haqqında şəhadətnaməsini (surətini), yaxud nikahın etibarsız sayılması barədə məhkəmənin qanuni qüvvəyə minmiş qətnaməsini və ya ondan çıxarışı;
6) nikah yaşına çatmayan şəxsin (nikah yaşı 18 yaş müəyyən olunmuşdur) nikah yaşının azaldılmasına icazə verilməsi barədə rayon (şəhər) İcra Hakimiyyətinin sərəncamı;
7) 1944-cü il 8 iyul tarixinədək faktiki nikah münasibətlərində olmuş şəxslərdən biri öldükdə və ya xəbərsiz itkin düşdükdə faktiki nikah münasibətlərində olma faktını təsdiq edən məhkəmə qərarı;
8) dövlət rüsumunun ödənilməsi barədə sənəd;
</p>
<p>
Nikahın qeydə alınması nikaha daxil olanlardan və ya onların valideynlərindən birinin seçdiyi hər hansı bir Qeydiyyat şöbəsi, konsulluq idarəsi və icra hakimiyyətinin nümayəndəliyi tərəfindən həyata keçirilir.
</p>
<p>
Göstərilən sənədlərin Elektron Hökumət İnformasiya Sistemi vasitəsilə müvafiq dövlət orqanından (qurumundan) əldə edilməsi mümkün olduqda, həmin sənədlər və ya məlumatlar ərizəçidən tələb edilmir. Belə sənədlərin və ya məlumatların Elektron Hökumət İnformasiya Sistemi vasitəsilə əldə edilməsi mümkün olmadığı hallarda onların təqdim edilməsi ərizəçinin razılığı ilə sorğu əsasında müvafiq dövlət orqanından (qurumundan) tələb olunur və ya ərizəçi tərəfindən təmin edilir.  
</p>,nikaha daxil olan şəxslərin hər ikisi,Nikahın qeydə alınması üçün 10 manat dövlət rüsumu ödənilməlidir
58,nikahın pozulmasının qeydə alınması,<p>
1)	yetkinlik yaşına çatmayan ümumi uşaqları olmayan ər-arvadın nikahın pozulması haqqında birgə razılıq ərizəsi ;
2)	ərizə verən şəxslərin şəxsiyyətini təsdiq edən sənədlər;
3)	yetkinlik yaşına çatmayan ümumi uşaqların olmasından asılı olmayaraq ərin (arvadın) ərizəsi əsasında nikahın pozulması aşağıdakı sənədlər təqdim edildikdə aparılır:
- ərin və ya arvadın xəbərsiz itkin düşməsi barədə məhkəmənin qanuni qüvvəyə minmiş qətnaməsi;
- ərin və ya arvadın fəaliyyət qabiliyyəti olmayan hesab edilməsi barədə məhkəmənin qanuni qüvvəyə minmiş qətnaməsi;
 
4)	məhkəmə qaydasında fəaliyyət qabiliyyəti olmayan hesab edilən ərin (arvadın) qəyyumunun ərizəsi;
5)	nikahın pozulması haqqında məhkəmənin qanuni qüvvəyə minmiş qətnaməsi; 
6)	nikahın etibarsız sayılması barədə məhkəmənin qanuni qüvvəyə minmiş qətnaməsi;
7)	ər (arvadın) birgə ərizəsi və ya ərin (arvadın) ərizəsi əsasında nikah pozulduqda nikah haqqında şəhadətnamə;
8)	dövlət rüsumunun ödənilməsi barədə sənəd;
</p>
<p>
Ərizə əsasında nikahın pozulması ər-arvadın və ya onlardan birinin seçdiyi, məhkəmə qətnaməsi əsasında nikahın pozulması isə bu barədə qətnamənin çıxarıldığı yer üzrə qeydiyyat şöbəsi və konsulluq idarəsində dövlət qeydiyyatına alınır.</p>
<p>
Nikahın pozulmasının dövlət qeydiyyatı nəticəsində hüquqi əhəmiyyətini itirən sənədlər istisna edilməklə, göstərilən sənədlərin Elektron Hökumət İnformasiya Sistemi vasitəsilə müvafiq dövlət orqanından (qurumundan) əldə edilməsi mümkün olduqda, həmin sənədlər və ya məlumatlar ərizəçidən tələb edilmir. Belə sənədlərin və ya məlumatların Elektron Hökumət İnformasiya Sistemi vasitəsilə əldə edilməsi mümkün olmadığı hallarda onların təqdim edilməsi ərizəçinin razılığı ilə sorğu əsasında müvafiq dövlət orqanından (qurumundan) tələb olunur və ya ərizəçi tərəfindən təmin edilir. 
</p>,1)	birgə razılıq ərizəsi əsasında nikah pozulduqda-ər və arvadın hər ikisi;
2)	ərin (arvadın) ərizəsi əsasında nikah pozulduqda-ər və ya arvad;
3)	məhkəmə qətnaməsi əsasında nikah pozulduqda-ər və  arvad (birlikdə və ya ayrılıqda);
4)	məhkəmə qaydasında fəaliyyət qabiliyyəti olmayan hesab edilən ərin (arvadın) qəyyumu;
5)	notariat qaydasında təsdiq olunmuş etibarnamə əsasında səlahiyyətli şəxslər,- yetkinlik yaşına çatmamış ümumi uşaqları olmayan ər-arvadın qarşılıqlı razılığı əsasında və məhkəmə qətnaməsi əsasında (qətnamədə dövlət rüsumunu tərəflərdən hansının ödəməli olduğu göstərilmədikdə, qeydiyyat üçün birinci müraciət etmiş tərəfdən) – 20 manat;
- digər tərəf müəyyən edilmiş qaydada xəbərsiz itkin düşmüş, yaxud fəaliyyət qabiliyyəti olmayan hesab edilmiş şəxsdirsə – 2 manat dövlət rüsumu ödənilməlidir
59,övladlığa götürmənin qeydə alınması,<p>
1)	övladlığa götürənlərin birgə ərizəsi və ya onlardan birinin ərizəsi ;
2)	övladlığa götürənlərin şəxsiyyətini təsdiq edən sənədlər;
3)	övladlığa götürmə haqqında məhkəmə qətnaməsi;
4)	övladlığa götürülmüş uşağın doğum haqqında şəhadətnaməsi.
</p>
<p>
Övladlığa götürmənin dövlət qeydiyyatı övladlığa götürmə haqqında məhkəmə qətnaməsinə əsasən qətnamənin çıxarıldığı yer üzrə Qeydiyyat şöbəsi və konsulluq idarəsi tərəfindən aparılır.
</p>
<p>
Azərbaycan Respublikası Ailə Məcəlləsinin 118.20-ci maddəsinə uyğun olaraq “Elektron məhkəmə” informasiya sistemindən Azərbaycan Respublikası Ədliyyə Nazirliyinin informasiya sisteminə daxil olmuş uşağın övladlığa götürülməsi barədə qanuni qüvvəyə minmiş məhkəmə qətnaməsindən çıxarışa əsasən övladlığa götürmənin qeydiyyatı aparılır.
</p>
<p>
Övladlığa götürmə məhkəmə tərəfindən ləğv edildikdə isə məhkəmənin həmin qətnaməsi qanuni qüvvəyə mindikdən sonra Azərbaycan Respublikası Ailə Məcəlləsinin 131.4-cü maddəsinə uyğun olaraq “Elektron məhkəmə” informasiya sistemindən Azərbaycan Respublikası Ədliyyə Nazirliyinin informasiya sisteminə daxil olmuş övladlığa götürmənin ləğv olunması barədə qanuni qüvvəyə minmiş məhkəmə qətnaməsindən çıxarışa əsasən övladlığa götürülənin doğumu haqqında akt qeydində övladlığa götürmədən əvvəl olmuş bütün ilkin məlumat bərpa edilir.
</p>,1)	övladlığa götürən-kişi və ya qadın;
2)	övladlığa götürənlər-kişi və qadın;
3)	notariat qaydasında təsdiq olunmuş etibarnamə əsasında səlahiyyətli şəxslər,Övladlığa götürülmənin qeydə alınması və bu barədə ilkin şəhadətnamələrin
verilməsi üçün dövlət rüsumu ödənilmir
60,atalığın müəyyən edilməsinin qeydə alınması,<p>
1)	atalığın müəyyən edilməsi üçün uşağın atasının və anasının (valideynlərin) birgə ərizəsi ;
2)	ərizə verən şəxslərin şəxsiyyətini təsdiq edən sənədlər;
3)	uşağın doğum haqqında şəhadətnaməsi;
4)	atalıq məhkəmə qaydasında müəyyən edilərsə qanuni qüvvəyə minmiş qətnamə;
5)	ana öldükdə, fəaliyyət qabiliyyəti olmayan hesab edildikdə, ananın yaşayış yerini müəyyən etmək olmadıqda və ya o, valideynlik hüquqlarından məhrum edildikdə uşağın atasının ərizəsi ilə yanaşı:
- qəyyumluq və himayə orqanlarının razılığını təsdiq edən sənəd;
- ananın ölümü haqqında şəhadətnamə (surəti);
- ananın fəaliyyət qabiliyyəti olmayan hesab edilməsi haqqında məhkəmənin qanuni qüvvəyə minmiş qətnaməsindən çıxarış;
- ananın valideynlik hüquqlarından məhrum olunması barədə məhkəmənin qanuni qüvvəyə minmiş qətnaməsindən çıxarış;
- ananın xəbərsiz itkin düşmüş hesab edilməsi barədə məhkəmənin qanuni qüvvəyə minmiş qətnaməsindən çıxarış və ya onun yaşadığı yeri müəyyən etməyin mümkün olmamasını təsdiq edən sənəd təqdim edilməlidir;
6)	yetkinlik yaşına çatmış şəxs barədə atalıq müəyyən olunduqda onun razılığı;
7)	həmin şəxs fəaliyyət qabiliyyəti olmayan hesab edildikdə onun qəyyumunun və ya qəyyumluq və himayə orqanının razılığı
</p>
<p>
Ərizə əsasında atalığın müəyyən edilməsi valideynlərin seçdiyi, atalıq məhkəmə tərəfindən müəyyən edildikdə isə məhkəmə qətnaməsinin çıxarıldığı yer üzrə qeydiyyat şöbəsində və ya konsulluq idarəsində dövlət qeydiyyatına alınır.
</p>
<p>
Atalığın müəyyən edilməsinin dövlət qeydiyyatı qeydiyyat şöbəsinə və konsulluq idarəsinə getmədən elektron müraciət əsasında həyata keçirilə bilər. Şəxsin arzusundan asılı olaraq müvafiq şəhadətnamə Azərbaycan Respublikası Ədliyyə Nazirliyinin informasiya sistemindən çap olunaraq vəzifəli şəxsin imzası ilə təsdiq edilməklə kağız daşıyıcıda da təqdim edilə bilər.
</p>
<p>
Atalığın müəyyən edilməsinin elektron qeydiyyatı zamanı elektron şəhadətnamə informasiya sistemində generasiya olunur və Elektron Hökumət İnformasiya Sistemi (bundan sonra – EHİS) vasitəsilə müraciət edən şəxsin elektron kabinetində yerləşdirilməsi üçün “MyGov” Elektron Hökumət Portalına ötürülür.
</p>
<p>
Uşaq aralarında nikah olmayan şəxslərdən olduqda və valideynlərin birgə ərizəsi və ya uşağın atasının ərizəsi olmadıqda, habelə uşaq yetkinlik yaşına çatdıqda Qeydiyyat şöbəsi və konsulluq idarəsi atalığın müəyyən edilməsini atalıq uşağın valideynlərindən birinin, uşağın qəyyumunun (himayəçisinin), uşağı saxlayanın, uşaq yetkinlik yaşına çatdıqda onun özünün ərizəsi ilə məhkəmə qaydasında müəyyən edildikdən sonra Azərbaycan Respublikası Ailə Məcəlləsinin 187.1-1-ci maddəsinə uyğun olaraq “Elektron məhkəmə” informasiya sistemindən Azərbaycan Respublikası Ədliyyə Nazirliyinin informasiya sisteminə daxil olmuş atalığın müəyyən edilməsi barədə qanuni qüvvəyə minmiş məhkəmə qətnaməsindən çıxarışa əsasən qeydə alır.
</p>
<p>
Atalığın müəyyən edilməsinin dövlət qeydiyyatı nəticəsində hüquqi əhəmiyyətini itirən sənədlər istisna edilməklə, göstərilən sənədlərin Elektron Hökumət İnformasiya Sistemi vasitəsilə müvafiq dövlət orqanından (qurumundan) əldə edilməsi mümkün olduqda, həmin sənədlər və ya məlumatlar ərizəçidən tələb edilmir. Belə sənədlərin və ya məlumatların Elektron Hökumət İnformasiya Sistemi vasitəsilə əldə edilməsi mümkün olmadığı hallarda onların təqdim edilməsi ərizəçinin razılığı ilə sorğu əsasında müvafiq dövlət orqanından (qurumundan) tələb olunur və ya ərizəçi tərəfindən təmin edilir. 
</p>,1)	valideynlər (ata və ana);
2)	tək atanın ərizəsi əsasında - uşağın atası;
3)	atalıq məhkəmə qaydasında müəyyən edildikdə valideynlər və ya onlardan biri;
4)	yetkinlik yaşına çatmış şəxs barədə atalıq müəyyən olunduqda həmin şəxs və valideynlər;
5)	yetkinlik yaşına çatmış şəxs fəaliyyət qabiliyyəti olmayan hesab edildikdə – qəyyum və ya himayəçi;
6)	notariat qaydasında təsdiq olunmuş etibarnamə əsasında səlahiyyətli şəxslər,Atalığın müəyyən edilməsinin qeydə alınması və bu barədə ilkin
şəhadətnamələrin verilməsi üçün dövlət rüsumu ödənilmir
61,adın, ata adının və soyadın dəyişdirilməsinin qeydə alınması,<p>
1)	adın, ata adının və soyadın dəyişdirilməsi haqqında ərizə ;
2)	ərizə verən şəxsin doğumu haqqında şəhadətnamə;
3)	ərizə verən şəxs nikahdadırsa, nikah haqqında şəhadətnamə;
4)	ərizə verən şəxsin nikahı pozulmuşdursa, nikahın pozulması haqqında şəhadətnamə;
5)	ərizə verən şəxsin uşaqları vardırsa, onların doğumu haqqında şəhadətnamələr;
6)	şəxsiyyəti təsdiq edən sənədin notariat qaydasında təsdiq olunmuş surəti;
7)	ilkin hərbi qeydiyyata alınma haqqında vəsiqənin və ya hərbi biletin notariat qaydasında təsdiq edilmiş surəti;
8)	ərizə verən şəxsin 3x4sm ölçüdə 2 ədəd fotoşəkili;
9)	yetkinlik yaşına çatmayanın adının və soyadının dəyişdirilməsinə dair səlahiyyətli orqanın rəyi;
10)	dövlət rüsumunun ödənilməsi barədə sənəd
</p>
<p>
Ərizə əsasında adın, ata adının və soyadın dəyişdirilməsi vətəndaşın seçdiyi, məhkəmə qətnaməsi əsasında dəyişdirilməsi isə bu barədə qətnamənin çıxarıldığı yer üzrə qeydiyyat şöbəsi və konsulluq idarəsində dövlət qeydiyyatına alınır.</p>,1)	uşaq 18 yaşına çatanadək onun valideynləri;
2)	ərizə verən şəxsin özü;
3)	notariat qaydasında təsdiq olunmuş etibarnamə əsasında səlahiyyətli şəxslər,Soyadın, adın və ata adının dəyişdirilməsinin qeydə alınması üçün 15 manat
dövlət rüsumu ödənilməlidir
62,ölümün qeydə alınması,<p>
1)	ölən şəxsin şəxsiyyətini təsdiq edən sənəd;
2)	ölən şəxs Azərbaycan Respublikasında müvəqqəti və ya daimi yaşayan, habelə qaçqın statusu almış əcnəbi və vətəndaşlığı olmayan şəxs olduqda  müvafiq olaraq Azərbaycan Respublikasında müvəqqəti və ya daimi yaşamaq üçün icazəni təsdiq edən sənəd və ya qaçqın vəsiqələri;
3)	ölən şəxs hərbi vəzifəli və ya çağırışçı olduqda hərbi bilet (hərbi xidmətlə bağlı olan sənədlər).
</p>
<p>
Ölüm bu barədə məlumat verən şəxsin seçdiyi, ölüm faktı məhkəmə tərəfindən müəyyən edildikdə və ya şəxs ölmüş elan edildikdə məhkəmə qətnaməsinin çıxarıldığı yer üzrə qeydiyyat şöbəsi, konsulluq idarəsi və icra hakimiyyəti nümayəndəliyində dövlət qeydiyyatına alınır.
</p>
<p>
Ölümün dövlət qeydiyyatı qeydiyyat şöbəsinə, icra hakimiyyətinin nümayəndəliyinə və konsulluq idarəsinə getmədən elektron müraciət əsasında həyata keçirilə bilər. Şəxsin arzusundan asılı olaraq müvafiq şəhadətnamə Azərbaycan Respublikası Ədliyyə Nazirliyinin informasiya sistemindən çap olunaraq vəzifəli şəxsin imzası ilə təsdiq edilməklə kağız daşıyıcıda da təqdim edilə bilər.
</p>
<p>
Ölümün elektron qeydiyyatı zamanı elektron şəhadətnamə informasiya sistemində generasiya olunur və Elektron Hökumət İnformasiya Sistemi (bundan sonra – EHİS) vasitəsilə müraciət edən şəxsin elektron kabinetində yerləşdirilməsi üçün “MyGov” Elektron Hökumət Portalına ötürülür.
</p>
<p>
Ölüm haqqında məlumat tibb müəssisəsi tərəfindən Azərbaycan Respublikasının Səhiyyə Nazirliyinə, Azərbaycan Respublikasının Səhiyyə Nazirliyi tərəfindən isə həmin gün EHİS vasitəsilə Azərbaycan Respublikası Ədliyyə Nazirliyinin informasiya sisteminə və oradan da avtomatlaşdırılmış rejimdə ölümün baş verdiyi yer üzrə qeydiyyat şöbəsinə ötürülür.
</p>
<p>
Qeydiyyat şöbəsi Azərbaycan Respublikasının ərazisində ölmüş şəxsin ölümünü informasiya sisteminə ötürülmüş məlumat əsasında həmin məlumatın ötürüldüyü iş günü ərzində dövlət qeydiyyatına alır.
</p>
<p>
Ölüm haqqında tibbi şəhadətnamə olmadıqda ölüm faktı məhkəmə qaydasında müəyyən edilir. Bu halda Azərbaycan Respublikası Ailə Məcəlləsinin 194.2-ci maddəsinə uyğun olaraq “Elektron məhkəmə” informasiya sistemindən Azərbaycan Respublikası Ədliyyə Nazirliyinin informasiya sisteminə daxil olmuş ölüm faktının müəyyən olunması və ya şəxsin ölmüş elan edilməsi barədə qanuni qüvvəyə minmiş məhkəmə qətnaməsindən çıxarışa əsasən ölümün qeydiyyatı aparılır.
</p>
<p>
Azərbaycan Respublikası vətəndaşının, Azərbaycan Respublikasında daimi yaşayan vətəndaşlığı olmayan şəxsin və ya əcnəbinin xarici ölkədə öldüyü və ölüm həmin ölkənin səlahiyyətli orqanlarında və konsulluq idarəsində qeydə alınmadığı hallarda ölümün qeydiyyatı bu ölkədə verilmiş ölüm faktını təsdiq edən tibbi sənəd əsasında qeydiyyat şöbəsi tərəfindən aparılır.  
</p>
<p>
Məlumat üçün bildirilir ki, qeydiyyat şöbələrinə getmədən “Mobil əhali” tətbiqində bir düymə üzərindən ölümün dövlət qeydiyyatına alınması və bu barədə elektron şəhadətnamənin əldə edilməsi mümkündür.

Bunun üçün “Mobil notariat” tətbiqinin altsistemi olan “Mobil əhali” tətbiqi üzərindən “ölümün qeydə alınması” bölməsi seçilməklə müraciət göndərilə bilər.
</p>,Qeydiyyat şöbəsi Azərbaycan Respublikasının ərazisində ölmüş şəxsin ölümünü informasiya sisteminə ötürülmüş məlumat əsasında həmin məlumatın ötürüldüyü iş günü ərzində dövlət qeydiyyatına alır.,Ölümün qeydə alınması və bu barədə ilkin şəhadətnamələrin verilməsi üçün dövlət rusumu ödənilmir
63,Vətəndaşlıq vəziyyəti aktlarının qeydiyyatı haqqında təkrar şəhadətnamələrin (arayışların) verilməsi,<p>
1)      ərizə verən şəxsin şəxsiyyətini təsdiq edən sənəd;
2)      ölənlər barəsində təkrar şəhadətnamənin (arayışın) alınması üçün qohumluq münasibətlərini təsdiq edən sənədlər (doğum, nikah və sair vətəndaşlıq vəziyyəti aktlarının qeydiyyatı haqqında şəhadətnamələr(arayışlar);
3)	dövlət rüsumunun ödənilməsi barədə sənəd
</p>
<p>
Azərbaycan Respublikası Ədliyyə Nazirliyinin informasiya sistemindəki məlumatların vətəndaşlıq vəziyyəti akt qeydlərindəki məlumatlara uyğunluğu yoxlanılmaqla şəxslərə vətəndaşlıq vəziyyəti aktlarının qeydiyyatı haqqında təkrar şəhadətnamə və ya arayış verilir.
</p>
<p>
Təkrar şəhadətnamənin (arayışın) verilməsi üçün maraqlı şəxslər tərəfindən seçdiyi qeydiyyat şöbəsinə, Vətəndaşlıq vəziyyəti aktlarının reyestri xidmətinə, Naxçıvan Muxtar Respublikası Vətəndaşlıq vəziyyəti aktlarının arxivinə və ya akt qeydinin olduğu konsulluq idarəsinə müraciət olunur.
</p>
<p>
Təkrar şəhadətnamənin (arayışın) verilməsi üçün sənədlərin Elektron Hökumət İnformasiya Sistemi vasitəsilə müvafiq dövlət orqanından (qurumundan) əldə edilməsi mümkün olduqda, həmin sənədlər və ya məlumatlar ərizəçidən tələb edilmir. Belə sənədlərin və ya məlumatların Elektron Hökumət İnformasiya Sistemi vasitəsilə əldə edilməsi mümkün olmadığı hallarda onların təqdim edilməsi ərizəçinin razılığı ilə sorğu əsasında müvafiq dövlət orqanından (qurumundan) tələb olunur və ya ərizəçi tərəfindən təmin edilir. 
</p>
<p>
Məlumat üçün bildirilir ki, qeydiyyat şöbələrinə getmədən ailə vəziyyəti və ailə üzvləri haqqında arayışları “Mobil əhali” tətbiqində bir düymə üzərindən əldə edilməsi mümkündür.

Bunun üçün “Mobil notariat” tətbiqinin altsistemi olan “Mobil əhali” tətbiqi üzərindən ailə vəziyyəti və ya ailə üzvləri haqqında arayışların verilməsi bölməsi seçilməklə müraciət göndərilə bilər.
</p>,1)	barəsində müvafiq vətəndaşlıq vəziyyəti aktının qeydi tərtib olunmuş şəxsin özü;
2)	yetkinlik yaşına çatmayanlar barəsində onların valideynləri, övladlığa götürənlər, qəyyumları və ya qəyyumluq və himayə orqanları, sosial xidmət müəssisələri və əhalinin sosial müdafiəsi orqanları;
3)	ölənlər barəsində - ölmüş şəxsin qohumları;
4)	notariat qaydasında təsdiq olunmuş etibarnamə əsasında səlahiyyətli şəxslər,Vətəndaşlıq vəziyyəti aktlarının qeydiyyatı barədə təkrar şəhadətnamələrin verilməsi üçün 3 manat dövlət rüsumu ödənilir.
Vətəndaşlıq vəziyyəti aktlarının qeydiyyatı barədə arayışların verilməsi üçün dövlət rusumu ödənilmir.

64,vətəndaşlıq vəziyyəti akt qeydlərində dəyişiklik edilməsi və itmiş akt qeydlərinin bərpası,<p>
1) Vətəndaşlıq vəziyyəti akt qeydində ərizə əsasında dəyişiklik edilməsi, kifayət qədər əsaslar olduqda və aidiyyəti şəxslər arasında mübahisə olmadıqda ərizə verən şəxsin seçdiyi, məhkəmə qətnaməsi əsasında isə bu barədə qətnamənin çıxarıldığı yer üzrə qeydiyyat şöbələri və konsulluq idarələri tərəfindən həyata keçirilir.
</p>
<p>
2) Aidiyyəti şəxslər arasında mübahisə olduqda akt qeydində  dəyişiklik məhkəmənin qətnaməsi əsasında aparılır.
</p>
<p>
3) Azərbaycan Respublikası Ailə Məcəlləsinin 161.4-cü maddəsinə uyğun olaraq “Elektron məhkəmə” informasiya sistemi vasitəsilə vətəndaşlıq vəziyyəti akt qeydində dəyişiklik edilməsi barədə qanuni qüvvəyə minmiş məhkəmə qətnaməsindən çıxarış daxil olduqda qeydiyyat şöbələri və ya konsulluq idarələri tərəfindən rəy tərtib edilmədən akt qeydinin qeydiyyat şöbələrində və ya konsulluq idarələrində saxlanılan nüsxəsinin üzərində zəruri dəyişiklik edilir.   
</p>
<p>
4) Vətəndaşlıq vəziyyəti akt qeydlərinin bərpası bu cür qeydlərin həqiqətən olduğunu təsdiq edən sənədlər əsasında ərizə verənlərin seçdiyi yer üzrə qeydiyyat şöbələri və konsulluq idarələri tərəfindən icra edilir.
</p>
<p>
5) İtmiş akt qeydinin qeydiyyat şöbələri və konsulluq idarələri tərəfindən bərpası mümkün olmadıqda, vətəndaşlıq vəziyyəti aktının qeydiyyatı faktı məhkəmə qaydasında müəyyən edilir.
</p>
<p>
6) Xarici ölkədə tərtib edilmiş vətəndaşlıq vəziyyəti akt qeydini və ya onun mövcudluğu barədə məlumatı əldə etmək mümkün olmadıqda qeydiyyat şöbələri və ya konsulluq idarələri həmin akt qeydini bərpa edir və müvafiq şəhadətnamə verir. 
</p> 
<p>
7) Azərbaycan Respublikası Ailə Məcəlləsinin 162.3-cü maddəsinə uyğun olaraq “Elektron məhkəmə” informasiya sistemi vasitəsilə vətəndaşlıq vəziyyəti akt qeydlərinin bərpa edilməsi barədə qanuni qüvvəyə minmiş məhkəmə qətnaməsindən çıxarış daxil olduqda qeydiyyat şöbələri və ya konsulluq idarələri tərəfindən rəy tərtib edilmədən akt qeydi bərpa olunur və maraqlı şəxs müraciət etdikdə ona müvafiq şəhadətnamə və ya arayış verilir.  
</p>,1)	barəsində vətəndaşlıq vəziyyəti aktının qeydi tərtib olunmuş şəxsin özü;
2)	yetkinlik yaşına çatmayanlar barəsində onların valideynləri, qəyyumu və ya qəyyumluq və himayə orqanları;
3)	fəaliyyət qabiliyyəti olmayan hesab edilən şəxsin qəyyumu;
4)	ölənlər barəsində onların qanuni varisləri;
5)	notariat qaydasında təsdiq olunmuş etibarnamə əsasında səlahiyyətli şəxslər,Vətəndaşlıq vəziyyəti akt qeydlərində dəyişiklik edilməsi və onların bərpası ilə əlaqədar şəhadətnamələrin verilməsi üçün 3 manat dövlət rüsumu ödənilməlidir.
66,soyad sonluğuna dəyişiklik edilməsi qaydası,1) Azərbaycan Respublikasının vətəndaşları “-ov”, “-yev” sonluqlu soyadlarını “-lı” (sözün kökündən asılı olaraq “-li”, “-lu”, “-lü”), “-zadə”, “-oğlu”, “-qızı” sonluqlu və ya sonluqsuz ifadə formaları ilə əvəz edə bilərlər
2) Soyad sonluğuna dəyişiklik edilməsinə dair ərizə vətəndaşın yaşayış yeri və ya müvafiq aktın olduğu yer üzrə qeydiyyat şöbəsinə verilir
3) ərizə ilə müraciət edənin şəxsiyyətini təsdiq edən sənədin surəti
4) dəyişiklik edilməli olan akt qeydləri əsasında verilmiş bütün digər şəhadətnamələr,1) 18 yaşına çatmış hər bir vətəndaş soyadının sonluğuna dəyişiklik edilməsi üçün müraciət etmək hüququna malikdir
2) 18 yaşına çatmayanların soyadlarının sonluğuna dəyişiklik onların valideynlərinin və digər qanuni nümayəndələrinin (övladlığa götürənlərin, qəyyumun və ya himayəçinin) ərizəsi əsasında həyata keçirilir
3) 10 yaşına çatmış uşağın soyadının sonluğu yalnız onun razılığı ilə dəyişdirilir
4) notariat qaydasında təsdiq olunmuş etibarnamə əsasında səlahiyyətli şəxslər,Soyadın sonluğunun dəyişdirilməsi ilə əlaqədar yeni hüquqi sənədlərin verilməsi üçün dövlət rüsumu nəzərdə tutulmamışdır
